{
  "valtab": [
    0.48225577784944945,
    0.4839713632047012,
    0.48935196118942864,
    0.502705493994879,
    0.48905863223649815,
    0.5025704337514194,
    0.4922690118984151,
    0.5193549292621888,
    0.5124796234859506,
    0.5222679614750596,
    0.4797485202105412,
    0.4985215797739701,
    0.4854408167540736,
    0.4829397324362199,
    0.48427887075430154,
    0.48702057346043354,
    0.48004698367569953,
    0.48317230067966543,
    0.4828672398012696,
    0.48595978310006727,
    0.4863925468139387,
    0.48246087209547234,
    0.4830684657267271
  ],
  "disttab": [
    [
      0.0,
      0.4839713632047012,
      0.48935196118942864,
      0.502705493994879,
      0.48905863223649815,
      0.5025704337514194,
      0.4922690118984151,
      0.5193549292621888,
      0.5124796234859506,
      0.5222679614750596,
      0.48330012906601616,
      0.4985215797739701,
      0.4854408167540736,
      0.4840225289664095,
      0.48514548915810907,
      0.48702057346043354,
      0.48321850584298215,
      0.48384081079742414,
      0.4831924983572363,
      0.48595978310006727,
      0.4863925468139387,
      0.48335757290795145,
      0.484189095957524
    ],
    [
      0.4839713632047012,
      0.0,
      0.48935196118942864,
      0.502705493994879,
      0.48905863223649815,
      0.5025704337514194,
      0.4922690118984151,
      0.5193549292621888,
      0.5124796234859506,
      0.5222679614750596,
      0.484549062249809,
      0.4985215797739702,
      0.4859109436277059,
      0.4851162705869124,
      0.48605826731027163,
      0.48702057346043354,
      0.4840746812584853,
      0.4846948743803291,
      0.4839713632047012,
      0.48600854985967656,
      0.4863925468139387,
      0.48407526968033093,
      0.48522890093757515
    ],
    [
      0.48935196118942864,
      0.48935196118942864,
      0.0,
      0.502705493994879,
      0.48935196118942864,
      0.5025704337514194,
      0.4922690118984151,
      0.5193549292621888,
      0.5124796234859506,
      0.5222679614750596,
      0.48935196118942864,
      0.4985215797739701,
      0.48935196118942864,
      0.48935196118942864,
      0.48935196118942864,
      0.48935196118942864,
      0.48935196118942864,
      0.48935196118942864,
      0.48935196118942864,
      0.48935196118942864,
      0.48935196118942864,
      0.48935196118942864,
      0.48935196118942864
    ],
    [
      0.502705493994879,
      0.502705493994879,
      0.502705493994879,
      0.0,
      0.502705493994879,
      0.5033756934905854,
      0.502705493994879,
      0.5193549292621888,
      0.5124796234859506,
      0.5222679614750596,
      0.502705493994879,
      0.507112167269409,
      0.502705493994879,
      0.502705493994879,
      0.502705493994879,
      0.502705493994879,
      0.502705493994879,
      0.502705493994879,
      0.502705493994879,
      0.502705493994879,
      0.502705493994879,
      0.502705493994879,
      0.502705493994879
    ],
    [
      0.48905863223649815,
      0.48905863223649815,
      0.48935196118942864,
      0.502705493994879,
      0.0,
      0.5025704337514194,
      0.4922690118984151,
      0.5193549292621888,
      0.5124796234859506,
      0.5222679614750596,
      0.48905863223649815,
      0.4985215797739701,
      0.48905863223649815,
      0.48905863223649815,
      0.48905863223649815,
      0.48905863223649815,
      0.48905863223649815,
      0.48905863223649815,
      0.48905863223649815,
      0.48905863223649815,
      0.48905863223649815,
      0.48905863223649815,
      0.48905863223649815
    ],
    [
      0.5025704337514194,
      0.5025704337514194,
      0.5025704337514194,
      0.5033756934905854,
      0.5025704337514194,
      0.0,
      0.5025704337514194,
      0.5193549292621888,
      0.5124796234859506,
      0.5222679614750596,
      0.5025704337514194,
      0.502711114611333,
      0.5025704337514194,
      0.5025704337514194,
      0.5025704337514194,
      0.5025704337514194,
      0.5025704337514194,
      0.5025704337514194,
      0.5025704337514194,
      0.5025704337514194,
      0.5025704337514194,
      0.5025704337514194,
      0.5025704337514194
    ],
    [
      0.4922690118984151,
      0.4922690118984151,
      0.4922690118984151,
      0.502705493994879,
      0.4922690118984151,
      0.5025704337514194,
      0.0,
      0.5193549292621888,
      0.5124796234859506,
      0.5222679614750596,
      0.4922690118984151,
      0.4985215797739702,
      0.4922690118984151,
      0.4922690118984151,
      0.4922690118984151,
      0.4922690118984151,
      0.4922690118984151,
      0.4922690118984151,
      0.4922690118984151,
      0.4922690118984151,
      0.4922690118984151,
      0.4922690118984151,
      0.4922690118984151
    ],
    [
      0.5193549292621888,
      0.5193549292621888,
      0.5193549292621888,
      0.5193549292621888,
      0.5193549292621888,
      0.5193549292621888,
      0.5193549292621888,
      0.0,
      0.5195030968733607,
      0.5231447380582668,
      0.5193549292621888,
      0.5193549292621888,
      0.5193549292621888,
      0.5193549292621888,
      0.5193549292621888,
      0.5193549292621888,
      0.5193549292621888,
      0.5193549292621888,
      0.5193549292621888,
      0.5193549292621888,
      0.5193549292621888,
      0.5193549292621888,
      0.5193549292621888
    ],
    [
      0.5124796234859506,
      0.5124796234859506,
      0.5124796234859506,
      0.5124796234859506,
      0.5124796234859506,
      0.5124796234859506,
      0.5124796234859506,
      0.5195030968733607,
      0.0,
      0.5222679614750596,
      0.5124796234859506,
      0.5152068193823771,
      0.5124796234859506,
      0.5124796234859506,
      0.5124796234859506,
      0.5124796234859506,
      0.5124796234859506,
      0.5124796234859506,
      0.5124796234859506,
      0.5124796234859506,
      0.5124796234859506,
      0.5124796234859506,
      0.5124796234859506
    ],
    [
      0.5222679614750596,
      0.5222679614750596,
      0.5222679614750596,
      0.5222679614750596,
      0.5222679614750596,
      0.5222679614750596,
      0.5222679614750596,
      0.5231447380582668,
      0.5222679614750596,
      0.0,
      0.5222679614750596,
      0.5237282336304858,
      0.5222679614750596,
      0.5222679614750596,
      0.5222679614750596,
      0.5222679614750596,
      0.5222679614750596,
      0.5222679614750596,
      0.5222679614750596,
      0.5222679614750596,
      0.5222679614750596,
      0.5222679614750596,
      0.5222679614750596
    ],
    [
      0.48330012906601616,
      0.484549062249809,
      0.48935196118942864,
      0.502705493994879,
      0.48905863223649815,
      0.5025704337514194,
      0.4922690118984151,
      0.5193549292621888,
      0.5124796234859506,
      0.5222679614750596,
      0.0,
      0.4985215797739701,
      0.4854408167540736,
      0.4829397324362199,
      0.48427887075430154,
      0.48702057346043354,
      0.48004698367569953,
      0.48317230067966543,
      0.4828672398012696,
      0.48595978310006727,
      0.4863925468139387,
      0.48246087209547234,
      0.4830684657267271
    ],
    [
      0.4985215797739701,
      0.4985215797739702,
      0.4985215797739701,
      0.507112167269409,
      0.4985215797739701,
      0.502711114611333,
      0.4985215797739702,
      0.5193549292621888,
      0.5152068193823771,
      0.5237282336304858,
      0.4985215797739701,
      0.0,
      0.4985215797739701,
      0.4985215797739701,
      0.4985215797739701,
      0.4985215797739701,
      0.4985215797739701,
      0.4985215797739701,
      0.4985215797739701,
      0.4985215797739701,
      0.4985215797739701,
      0.4985215797739701,
      0.4985215797739701
    ],
    [
      0.4854408167540736,
      0.4859109436277059,
      0.48935196118942864,
      0.502705493994879,
      0.48905863223649815,
      0.5025704337514194,
      0.4922690118984151,
      0.5193549292621888,
