{
  "F2_dd": 5.49641786e+00,
  "F2_dp": 6.70770679e+00,
  "F4_dd": 4.50019582e+00,
  "G1_dp": 2.73981969e+00 ,
  "G3_dp": 2.37535680e+00,
  "tenDq": 1.06109425e+00,
  "xoffset": -1.02129514e+00,
  "soc_v_i":  1.23134295e-01,
  "soc_v_n":  2.43430409e-08,
  "soc_c": 1.14642328e+01,
  "Gam_c": 5.43930560e-01
}


